{
  "q25": 0.2416384518146515,
  "q50": 0.4360828101634979,
  "q75": 0.5117972493171692,
  "max": 0.9821343421936035
}